instance,Concorde:status,Concorde:wall_seconds,Concorde:result,Concorde:branches,P32:status,P32:successful_repeats,P32:result,H232:status,H232:successful_repeats,H232:result,result_match,P32:matches_reference,H232:matches_reference,P32:wall_vs_Concorde_symmetric_change,H232:wall_vs_Concorde_symmetric_change,P32:wall_seconds,H232:wall_seconds,symmetric_change:wall_seconds,P32:branches,H232:branches,symmetric_change:branches,P32:nodes_expanded,H232:nodes_expanded,P32:pruned_by_bound,H232:pruned_by_bound,P32:pruned_infeasible,H232:pruned_infeasible,P32:root_potential_iterations,H232:root_potential_iterations,P32:search_node_potential_update_candidates,H232:search_node_potential_update_candidates,P32:search_node_potential_updates_triggered,H232:search_node_potential_updates_triggered,P32:search_node_potential_updates_skipped_total,H232:search_node_potential_updates_skipped_total,symmetric_change:search_node_potential_updates_skipped_total,P32:search_node_potential_iterations,H232:search_node_potential_iterations,P32:search_node_potential_updates_skipped_budget_exhausted,H232:search_node_potential_updates_skipped_budget_exhausted,P32:search_node_potential_updates_skipped_depth_interval,H232:search_node_potential_updates_skipped_depth_interval,P32:search_node_potential_updates_skipped_gap_above_maximum,H232:search_node_potential_updates_skipped_gap_above_maximum,P32:search_node_potential_updates_skipped_gap_below_minimum,H232:search_node_potential_updates_skipped_gap_below_minimum,P32:search_node_potential_updates_skipped_invalid_state,H232:search_node_potential_updates_skipped_invalid_state,P32:search_node_potential_updates_skipped_numerically_unsafe,H232:search_node_potential_updates_skipped_numerically_unsafe,P32:search_node_potential_updates_skipped_strategy_none,H232:search_node_potential_updates_skipped_strategy_none,P32:search_node_potential_updates_skipped_update_depth_zero,H232:search_node_potential_updates_skipped_update_depth_zero,P32:search_node_potential_updates_skipped_zero_iteration_limit,H232:search_node_potential_updates_skipped_zero_iteration_limit,P32:search_node_potential_updates_skipped_zero_violation,H232:search_node_potential_updates_skipped_zero_violation
att48.tsp,ok,0.09395036473870277,10628.0,1.0,ok,1,10628.0,ok,1,10628.0,True,True,True,-1.280356965488631,-1.2981883670681085,0.04119984991848469,0.04088018462061882,-0.00781956590540056,29.0,36.0,0.24137931034482762,9.0,16.0,20.0,22.0,1.0,0.0,100.0,100.0,26.0,32.0,26.0,21.0,0.0,11.0,,332.0,216.0,0.0,0.0,0.0,11.0,0.0,0.0,0.0,0.0,0.0,0.0,0.0,0.0,0.0,0.0,0.0,0.0,0.0,0.0,0.0,0.0
bayg29.tsp,ok,0.035702209919691086,1610.0,1.0,ok,1,1610.0,ok,1,1610.0,True,True,True,-1.1171472166509857,-1.2880956576090563,0.01686335727572441,0.015603460371494293,-0.08074471138029127,3.0,3.0,0.0,1.0,3.0,2.0,0.0,1.0,6.0,100.0,100.0,2.0,2.0,2.0,0.0,0.0,2.0,,7.0,0.0,0.0,0.0,0.0,2.0,0.0,0.0,0.0,0.0,0.0,0.0,0.0,0.0,0.0,0.0,0.0,0.0,0.0,0.0,0.0,0.0
bays29.tsp,ok,0.04144907183945179,2020.0,1.0,ok,1,2020.0,ok,1,2020.0,True,True,True,-0.5087890647512452,-0.07536068252307504,0.027471747249364853,0.038544343784451485,0.4030539606592598,10.0,11.0,0.10000000000000009,3.0,6.0,5.0,3.0,3.0,7.0,100.0,100.0,7.0,7.0,7.0,3.0,0.0,4.0,,82.0,40.0,0.0,0.0,0.0,4.0,0.0,0.0,0.0,0.0,0.0,0.0,0.0,0.0,0.0,0.0,0.0,0.0,0.0,0.0,0.0,0.0
berlin52.tsp,ok,0.06300981901586056,7542.0,1.0,ok,1,7542.0,ok,1,7542.0,True,True,True,-1.267908952022271,-0.7313900264503186,0.027783222496509552,0.03639261983335018,0.3098775650636725,1.0,1.0,0.0,0.0,0.0,1.0,1.0,0.0,0.0,20.0,20.0,0.0,0.0,0.0,0.0,0.0,0.0,0.0,0.0,0.0,0.0,0.0,0.0,0.0,0.0,0.0,0.0,0.0,0.0,0.0,0.0,0.0,0.0,0.0,0.0,0.0,0.0,0.0,0.0,0.0
brazil58.tsp,ok,0.0997194591909647,25395.0,1.0,ok,1,25395.0,ok,1,25395.0,True,True,True,-0.5160023101159319,-0.11967222690711776,0.06577790714800358,0.08906129561364651,0.3539697365751413,88.0,236.0,1.6818181818181817,26.0,77.0,62.0,166.0,0.0,2.0,120.0,120.0,82.0,217.0,82.0,158.0,0.0,59.0,,1173.0,1348.0,0.0,0.0,0.0,59.0,0.0,0.0,0.0,0.0,0.0,0.0,0.0,0.0,0.0,0.0,0.0,0.0,0.0,0.0,0.0,0.0
burma14.tsp,ok,0.012333400547504425,3323.0,1.0,ok,1,3323.0,ok,1,3323.0,True,True,True,-2.1673487896860704,0.6334609187965645,0.003893919289112091,0.02014612779021263,4.1737404641497955,1.0,1.0,0.0,0.0,0.0,1.0,1.0,0.0,0.0,36.0,36.0,0.0,0.0,0.0,0.0,0.0,0.0,0.0,0.0,0.0,0.0,0.0,0.0,0.0,0.0,0.0,0.0,0.0,0.0,0.0,0.0,0.0,0.0,0.0,0.0,0.0,0.0,0.0,0.0,0.0
ch130.tsp,ok,0.19108222052454948,6110.0,1.0,ok,1,6110.0,ok,1,6110.0,True,True,True,1650.6027347305765,1972.3898693342512,315.591917976737,377.0797181930393,0.1948332536856494,205952.0,551925.0,1.6798720090118087,62812.0,202638.0,143850.0,365216.0,0.0,10.0,400.0,400.0,195829.0,510583.0,194122.0,360139.0,1707.0,150444.0,87.13356766256591,3035962.0,3622978.0,0.0,0.0,0.0,148737.0,1704.0,1703.0,0.0,0.0,0.0,0.0,0.0,0.0,0.0,0.0,0.0,0.0,0.0,0.0,3.0,4.0
ch150.tsp,ok,0.34965579211711884,6528.0,1.0,ok,1,6528.0,ok,1,6528.0,True,True,True,331.7422744363169,369.52267927474804,116.34526353888214,129.5554009191692,0.11354254551043486,60352.0,148466.0,1.4600013255567337,18041.0,53739.0,42505.0,97732.0,0.0,0.0,400.0,400.0,58114.0,140359.0,57710.0,100673.0,404.0,39686.0,97.23267326732673,895438.0,1031450.0,0.0,0.0,0.0,39283.0,404.0,403.0,0.0,0.0,0.0,0.0,0.0,0.0,0.0,0.0,0.0,0.0,0.0,0.0,0.0,0.0
dantzig42.tsp,ok,0.031246650964021683,699.0,1.0,ok,1,699.0,ok,1,699.0,True,True,True,0.13790332974117248,-0.053574647310936196,0.03555566817522049,0.029657747596502304,-0.19886609930599586,3.0,7.0,1.3333333333333335,1.0,3.0,2.0,4.0,0.0,0.0,100.0,100.0,2.0,4.0,2.0,2.0,0.0,2.0,,18.0,6.0,0.0,0.0,0.0,2.0,0.0,0.0,0.0,0.0,0.0,0.0,0.0,0.0,0.0,0.0,0.0,0.0,0.0,0.0,0.0,0.0
dj38.tsp,ok,0.02440105937421322,6656.0,1.0,ok,1,6656.0,ok,1,6656.0,True,True,True,-0.19124088852354082,0.5903337188485169,0.020483732223510742,0.038805827498435974,0.8944705522900542,1.0,1.0,0.0,0.0,0.0,1.0,1.0,0.0,0.0,32.0,32.0,0.0,0.0,0.0,0.0,0.0,0.0,0.0,0.0,0.0,0.0,0.0,0.0,0.0,0.0,0.0,0.0,0.0,0.0,0.0,0.0,0.0,0.0,0.0,0.0,0.0,0.0,0.0,0.0,0.0
eil101.tsp,ok,0.08340847492218018,629.0,1.0,ok,1,629.0,ok,1,629.0,True,True,True,5.829813090715626,4.739123838220561,0.5696642939001322,0.47869156673550606,-0.19004455788729557,695.0,841.0,0.2100719424460431,154.0,243.0,548.0,625.0,0.0,0.0,400.0,400.0,379.0,492.0,352.0,335.0,27.0,157.0,4.814814814814815,5416.0,4307.0,0.0,0.0,0.0,130.0,26.0,25.0,0.0,0.0,0.0,0.0,0.0,0.0,0.0,0.0,0.0,0.0,0.0,0.0,1.0,2.0
eil51.tsp,ok,0.04456336051225662,426.0,1.0,ok,1,426.0,ok,1,426.0,True,True,True,1.4018720011208465,1.2874352156835602,0.10703548789024353,0.10193580016493797,-0.05002842688293985,429.0,546.0,0.2727272727272727,135.0,214.0,298.0,355.0,51.0,70.0,400.0,400.0,411.0,506.0,411.0,381.0,0.0,125.0,,6174.0,4603.0,0.0,0.0,0.0,125.0,0.0,0.0,0.0,0.0,0.0,0.0,0.0,0.0,0.0,0.0,0.0,0.0,0.0,0.0,0.0,0.0
eil76.tsp,ok,0.05953832529485226,538.0,1.0,ok,1,538.0,ok,1,538.0,True,True,True,3.3830817695751785,3.5856707752485226,0.26096134819090366,0.27302315831184387,0.04622067675752706,454.0,860.0,0.894273127753304,135.0,305.0,328.0,575.0,0.0,0.0,364.0,364.0,304.0,693.0,295.0,480.0,9.0,213.0,22.666666666666668,5287.0,5283.0,0.0,0.0,0.0,205.0,9.0,8.0,0.0,0.0,0.0,0.0,0.0,0.0,0.0,0.0,0.0,0.0,0.0,0.0,0.0,0.0
fri26.tsp,ok,0.03324941731989384,937.0,1.0,ok,1,937.0,ok,1,937.0,True,True,True,-1.0784746619806227,-0.09599137679356184,0.01599702797830105,0.030337298288941383,0.8964334081363114,1.0,1.0,0.0,0.0,0.0,1.0,1.0,0.0,0.0,45.0,45.0,0.0,0.0,0.0,0.0,0.0,0.0,0.0,0.0,0.0,0.0,0.0,0.0,0.0,0.0,0.0,0.0,0.0,0.0,0.0,0.0,0.0,0.0,0.0,0.0,0.0,0.0,0.0,0.0,0.0
gr120.tsp,ok,0.18835646659135818,6942.0,1.0,ok,1,6942.0,ok,1,6942.0,True,True,True,91.47385143660735,84.84121067560542,17.418047908693552,16.168747130781412,-0.07726639348164288,12407.0,27028.0,1.178447650519868,3833.0,10030.0,8620.0,17767.0,0.0,1.0,400.0,400.0,11445.0,24917.0,11321.0,17538.0,124.0,7379.0,58.50806451612903,179449.0,178124.0,0.0,0.0,0.0,7255.0,123.0,122.0,0.0,0.0,0.0,0.0,0.0,0.0,0.0,0.0,0.0,0.0,0.0,0.0,1.0,2.0
gr137.tsp,ok,0.3520910255610943,69853.0,1.0,ok,1,69853.0,ok,1,69853.0,True,True,True,191.96171384227145,213.6407824250692,67.94008772075176,75.57309321127832,0.11234906734150596,51113.0,130296.0,1.5491753565629098,17260.0,56590.0,34040.0,82166.0,0.0,3.0,400.0,400.0,47121.0,117630.0,47117.0,77112.0,4.0,40518.0,10128.5,768553.0,880417.0,0.0,0.0,0.0,40515.0,3.0,2.0,0.0,0.0,0.0,0.0,0.0,0.0,0.0,0.0,0.0,0.0,0.0,0.0,1.0,1.0
gr17.tsp,ok,0.02862764336168766,2085.0,1.0,ok,1,2085.0,ok,1,2085.0,True,True,True,-0.07628818490139722,0.11363981649450472,0.02659849263727665,0.03188088349997997,0.1985973767287954,1.0,1.0,0.0,0.0,0.0,1.0,1.0,0.0,0.0,34.0,34.0,0.0,0.0,0.0,0.0,0.0,0.0,0.0,0.0,0.0,0.0,0.0,0.0,0.0,0.0,0.0,0.0,0.0,0.0,0.0,0.0,0.0,0.0,0.0,0.0,0.0,0.0,0.0,0.0,0.0
gr21.tsp,ok,0.011052632704377174,2707.0,1.0,ok,1,2707.0,ok,1,2707.0,True,True,True,0.35711311247680033,0.920272498216584,0.014999672770500183,0.021224066615104675,0.41496864230571684,1.0,1.0,0.0,0.0,0.0,1.0,1.0,0.0,0.0,22.0,22.0,0.0,0.0,0.0,0.0,0.0,0.0,0.0,0.0,0.0,0.0,0.0,0.0,0.0,0.0,0.0,0.0,0.0,0.0,0.0,0.0,0.0,0.0,0.0,0.0,0.0,0.0,0.0,0.0,0.0
gr24.tsp,ok,0.028689557686448097,1272.0,1.0,ok,1,1272.0,ok,1,1272.0,True,True,True,-0.4489850154977706,-0.3885310566694089,0.019799761474132538,0.02066180482506752,0.04353806746920674,1.0,1.0,0.0,0.0,0.0,1.0,1.0,0.0,0.0,100.0,100.0,0.0,0.0,0.0,0.0,0.0,0.0,0.0,0.0,0.0,0.0,0.0,0.0,0.0,0.0,0.0,0.0,0.0,0.0,0.0,0.0,0.0,0.0,0.0,0.0,0.0,0.0,0.0,0.0,0.0
gr48.tsp,ok,0.09573289565742016,5046.0,1.0,ok,1,5046.0,ok,1,5046.0,True,True,True,1.9449781187160369,2.1490212692154502,0.28193128295242786,0.3014649245887995,0.06928511597511378,1203.0,2892.0,1.4039900249376558,405.0,1135.0,800.0,1881.0,0.0,0.0,334.0,334.0,1124.0,2665.0,1117.0,1848.0,7.0,817.0,115.71428571428571,17868.0,18573.0,0.0,0.0,0.0,811.0,7.0,6.0,0.0,0.0,0.0,0.0,0.0,0.0,0.0,0.0,0.0,0.0,0.0,0.0,0.0,0.0
gr96.tsp,ok,0.23831740580499172,55209.0,1.0,ok,1,55209.0,ok,1,55209.0,True,True,True,14.128702865261973,9.07084489908112,3.6054332200437784,2.4000576306134462,-0.5022277690566299,5119.0,6585.0,0.28638405938659894,1765.0,2854.0,3384.0,4131.0,0.0,2.0,319.0,319.0,4732.0,5872.0,4731.0,3855.0,1.0,2017.0,2016.0,78352.0,48209.0,0.0,0.0,0.0,2017.0,0.0,0.0,0.0,0.0,0.0,0.0,0.0,0.0,0.0,0.0,0.0,0.0,0.0,0.0,1.0,0.0
hk48.tsp,ok,0.04591211676597595,11461.0,1.0,ok,1,11461.0,ok,1,11461.0,True,True,True,-0.645985186261536,-0.18194527013879314,0.027893396094441414,0.03884453698992729,0.392606940309725,18.0,18.0,0.0,7.0,7.0,11.0,11.0,1.0,1.0,100.0,100.0,13.0,14.0,13.0,10.0,0.0,4.0,,195.0,85.0,0.0,0.0,0.0,4.0,0.0,0.0,0.0,0.0,0.0,0.0,0.0,0.0,0.0,0.0,0.0,0.0,0.0,0.0,0.0,0.0
kroA100.tsp,ok,0.11181685701012611,21282.0,1.0,ok,1,21282.0,ok,1,21282.0,True,True,True,944.3905087016559,851.0747586364148,105.71059533022344,95.27632144838572,-0.10951591878460909,406666.0,455323.0,0.11964855680091269,74929.0,95745.0,331874.0,362356.0,0.0,0.0,320.0,320.0,384981.0,428946.0,323504.0,341798.0,61477.0,87148.0,0.41757079883533677,1648233.0,1563743.0,0.0,0.0,0.0,25673.0,61476.0,61475.0,0.0,0.0,0.0,0.0,0.0,0.0,0.0,0.0,0.0,0.0,0.0,0.0,1.0,0.0
kroA150.tsp,ok,0.5374034084379673,26524.0,1.0,ok,1,26524.0,ok,1,26524.0,True,True,True,382.83147405509465,395.2736276477009,206.2723424229771,212.95879817195237,0.032415667900179246,89949.0,235971.0,1.623386585731915,28403.0,87442.0,61819.0,153450.0,0.0,0.0,400.0,400.0,86002.0,222421.0,85993.0,158263.0,9.0,64158.0,7127.666666666667,1426112.0,1660472.0,0.0,0.0,0.0,64148.0,8.0,7.0,0.0,0.0,0.0,0.0,0.0,0.0,0.0,0.0,0.0,0.0,0.0,0.0,1.0,3.0
kroB100.tsp,ok,0.21567042730748653,22141.0,1.0,ok,1,22141.0,ok,1,22141.0,True,True,True,127.6552513383196,230.32170987601313,27.747133031487465,49.88925201445818,0.7979966419537408,29185.0,130789.0,3.4813774199074867,9814.0,53052.0,19473.0,82394.0,0.0,0.0,372.0,372.0,27449.0,119890.0,27443.0,81704.0,6.0,38186.0,6363.333333333333,459387.0,916630.0,0.0,0.0,0.0,38181.0,6.0,5.0,0.0,0.0,0.0,0.0,0.0,0.0,0.0,0.0,0.0,0.0,0.0,0.0,0.0,0.0
kroC100.tsp,ok,0.12055660411715508,20749.0,1.0,ok,1,20749.0,ok,1,20749.0,True,True,True,154.80183995156986,102.79204810432046,18.782940739765763,12.512816853821278,-0.5010961128252795,22282.0,31185.0,0.3995601831074409,6636.0,11540.0,15700.0,20753.0,0.0,0.0,301.0,301.0,20676.0,28430.0,20664.0,19884.0,12.0,8546.0,711.1666666666666,306097.0,187909.0,0.0,0.0,0.0,8535.0,12.0,11.0,0.0,0.0,0.0,0.0,0.0,0.0,0.0,0.0,0.0,0.0,0.0,0.0,0.0,0.0
kroD100.tsp,ok,0.1392245627939701,21294.0,1.0,ok,1,21294.0,ok,1,21294.0,True,True,True,120.22240613489878,119.1950716361727,16.87713649496436,16.734106298536062,-0.008547226477270131,16514.0,36270.0,1.1963182754026884,5333.0,13871.0,11243.0,23408.0,0.0,0.0,378.0,378.0,15624.0,33153.0,15331.0,23080.0,293.0,10073.0,33.37883959044368,248604.0,251424.0,0.0,0.0,0.0,9779.0,292.0,291.0,0.0,0.0,0.0,0.0,0.0,0.0,0.0,0.0,0.0,0.0,0.0,0.0,1.0,3.0
kroE100.tsp,ok,0.26656487211585045,22068.0,1.0,ok,1,22068.0,ok,1,22068.0,True,True,True,391.56750240718867,312.8104404481318,104.64470607601106,83.65083992667496,-0.25097017755874895,603657.0,589833.0,-0.023437142377588316,109411.0,129053.0,494438.0,467103.0,1328.0,1203.0,729.0,729.0,556471.0,539828.0,465965.0,425151.0,90506.0,114677.0,0.2670651669502575,2157607.0,1908042.0,0.0,0.0,0.0,37449.0,90506.0,77228.0,0.0,0.0,0.0,0.0,0.0,0.0,0.0,0.0,0.0,0.0,0.0,0.0,0.0,0.0
lin105.tsp,ok,0.09504959546029568,14379.0,1.0,ok,1,14379.0,ok,1,14379.0,True,True,True,1.5738282486497037,1.1512107842694412,0.24464133381843567,0.20447171479463577,-0.19645562744042544,81.0,60.0,-0.3500000000000001,26.0,21.0,55.0,39.0,0.0,0.0,333.0,333.0,51.0,36.0,51.0,23.0,0.0,13.0,,779.0,274.0,0.0,0.0,0.0,12.0,0.0,0.0,0.0,0.0,0.0,0.0,0.0,0.0,0.0,0.0,0.0,0.0,0.0,0.0,0.0,1.0
pr124.tsp,ok,0.5092240646481514,59030.0,1.0,ok,1,59030.0,ok,1,59030.0,True,True,True,8.754945085509881,5.447005637285918,4.96745278686285,3.282970415428281,-0.5130970305179614,3749.0,6613.0,0.763937049879968,1387.0,2915.0,2374.0,4137.0,0.0,0.0,341.0,341.0,3497.0,5773.0,3497.0,3698.0,0.0,2075.0,,59072.0,44097.0,0.0,0.0,0.0,2074.0,0.0,0.0,0.0,0.0,0.0,0.0,0.0,0.0,0.0,0.0,0.0,0.0,0.0,0.0,0.0,1.0
pr144.tsp,ok,0.294503515586257,58537.0,1.0,ok,1,58537.0,ok,1,58537.0,True,True,True,1142.454619292494,5114.359057427043,336.7514052949846,1506.4912258982658,3.4736004132740668,175447.0,1949658.0,10.112518310372932,75900.0,1022191.0,107786.0,1175666.0,30.0,3205.0,400.0,400.0,152770.0,1625073.0,152750.0,957691.0,20.0,667382.0,33368.1,3157180.0,16095639.0,0.0,0.0,0.0,667365.0,20.0,17.0,0.0,0.0,0.0,0.0,0.0,0.0,0.0,0.0,0.0,0.0,0.0,0.0,0.0,0.0
pr76.tsp,ok,0.2033493872731924,108159.0,1.0,ok,1,108159.0,ok,1,108159.0,True,True,True,4036.836606571456,3248.6030355335965,821.091599855572,660.804786156863,-0.24256303382866218,2709624.0,4079681.0,0.5056262418697206,681902.0,1348020.0,2032234.0,2882767.0,103.0,298.0,361.0,361.0,2519825.0,3657128.0,2286985.0,2610359.0,232840.0,1046769.0,3.49565796254939,24908798.0,21204431.0,0.0,0.0,0.0,813931.0,232840.0,232838.0,0.0,0.0,0.0,0.0,0.0,0.0,0.0,0.0,0.0,0.0,0.0,0.0,0.0,0.0
rat195.tsp,ok,2.894400419667363,2323.0,3.0,ok,1,2323.0,ok,1,2323.0,True,True,True,439.71336211903497,525.5900223075471,1275.6009402703494,1524.1623815596104,0.1948583083017963,315708.0,956628.0,2.030103766771827,111928.0,408223.0,205946.0,598939.0,6.0,35.0,400.0,400.0,300400.0,883874.0,300390.0,591104.0,10.0,292770.0,29276.0,5480655.0,7442976.0,0.0,0.0,0.0,292761.0,10.0,9.0,0.0,0.0,0.0,0.0,0.0,0.0,0.0,0.0,0.0,0.0,0.0,0.0,0.0,0.0
rat99.tsp,ok,1.2710327673703432,1211.0,1.0,ok,1,1211.0,ok,1,1211.0,True,True,True,-1.9852270832221426,-3.49637511249907,0.4257742315530777,0.28267943300306797,-0.5062087362700232,412.0,455.0,0.10436893203883502,139.0,176.0,277.0,293.0,0.0,0.0,400.0,400.0,345.0,390.0,345.0,270.0,0.0,120.0,,5741.0,2917.0,0.0,0.0,0.0,120.0,0.0,0.0,0.0,0.0,0.0,0.0,0.0,0.0,0.0,0.0,0.0,0.0,0.0,0.0,0.0,0.0
rd100.tsp,ok,0.09606701135635376,7910.0,1.0,ok,1,7910.0,ok,1,7910.0,True,True,True,5.029035463757425,3.8367821293114197,0.579191418364644,0.4646552037447691,-0.2464972170693447,507.0,797.0,0.571992110453649,161.0,301.0,347.0,519.0,0.0,0.0,400.0,400.0,376.0,657.0,364.0,446.0,12.0,211.0,16.583333333333332,6292.0,4892.0,0.0,0.0,0.0,199.0,11.0,10.0,0.0,0.0,0.0,0.0,0.0,0.0,0.0,0.0,0.0,0.0,0.0,0.0,1.0,2.0
st70.tsp,ok,0.07336051017045975,675.0,1.0,ok,1,675.0,ok,1,675.0,True,True,True,5.369031439383052,6.4641618241445675,0.4672353956848383,0.547574719414115,0.17194614207581882,977.0,2721.0,1.7850562947799387,329.0,1065.0,657.0,1766.0,0.0,0.0,361.0,361.0,857.0,2438.0,855.0,1672.0,2.0,766.0,382.0,15183.0,19210.0,0.0,0.0,0.0,765.0,2.0,1.0,0.0,0.0,0.0,0.0,0.0,0.0,0.0,0.0,0.0,0.0,0.0,0.0,0.0,0.0
swiss42.tsp,ok,0.02214985154569149,1273.0,1.0,ok,1,1273.0,ok,1,1273.0,True,True,True,0.3062492542011339,0.38242413075907034,0.028933227062225342,0.03062048926949501,0.058315728267744005,5.0,5.0,0.0,3.0,3.0,3.0,3.0,3.0,3.0,100.0,100.0,3.0,3.0,3.0,2.0,0.0,1.0,,67.0,35.0,0.0,0.0,0.0,1.0,0.0,0.0,0.0,0.0,0.0,0.0,0.0,0.0,0.0,0.0,0.0,0.0,0.0,0.0,0.0,0.0
u159.tsp,ok,0.13504626415669918,42080.0,1.0,ok,1,42080.0,ok,1,42080.0,True,True,True,2538.469287138603,1485.4684950959768,342.9458401687443,200.7420170493424,-0.7083909248777163,190887.0,276508.0,0.44854285519705384,60228.0,112568.0,131295.0,178097.0,0.0,1.0,400.0,800.0,177281.0,249403.0,177251.0,167420.0,30.0,81983.0,2731.766666666667,2803552.0,1817540.0,0.0,0.0,0.0,81960.0,30.0,21.0,0.0,0.0,0.0,0.0,0.0,0.0,0.0,0.0,0.0,0.0,0.0,0.0,0.0,2.0
ulysses16.tsp,ok,0.03646428510546684,6859.0,1.0,ok,1,6859.0,ok,1,6859.0,True,True,True,-0.3789447599770315,-0.5649813001152435,0.026443615555763245,0.023300141096115112,-0.13491224995938977,1.0,1.0,0.0,0.0,0.0,1.0,1.0,0.0,0.0,38.0,38.0,0.0,0.0,0.0,0.0,0.0,0.0,0.0,0.0,0.0,0.0,0.0,0.0,0.0,0.0,0.0,0.0,0.0,0.0,0.0,0.0,0.0,0.0,0.0,0.0,0.0,0.0,0.0,0.0,0.0
wi29.tsp,ok,0.03916095197200775,27603.0,1.0,ok,1,27603.0,ok,1,27603.0,True,True,True,-0.4290453021145808,-1.16864861073433,0.02740357629954815,0.018057767301797867,-0.5175506385454305,1.0,1.0,0.0,0.0,0.0,1.0,1.0,0.0,0.0,58.0,58.0,0.0,0.0,0.0,0.0,0.0,0.0,0.0,0.0,0.0,0.0,0.0,0.0,0.0,0.0,0.0,0.0,0.0,0.0,0.0,0.0,0.0,0.0,0.0,0.0,0.0,0.0,0.0,0.0,0.0
bier127.tsp,ok,0.20501085184514523,118282.0,1.0,timeout,0,,timeout,0,,,,,,,,,,,,,,,,,,,,,,,,,,,,,,,,,,,,,,,,,,,,,,,,,
brg180.tsp,ok,0.20812725275754929,1950.0,1.0,timeout,0,,timeout,0,,,,,,,,,,,,,,,,,,,,,,,,,,,,,,,,,,,,,,,,,,,,,,,,,
d198.tsp,ok,1.0714040137827396,15780.0,3.0,timeout,0,,timeout,0,,,,,,,,,,,,,,,,,,,,,,,,,,,,,,,,,,,,,,,,,,,,,,,,,
kroB150.tsp,ok,0.47228593938052654,26130.0,1.0,timeout,0,,timeout,0,,,,,,,,,,,,,,,,,,,,,,,,,,,,,,,,,,,,,,,,,,,,,,,,,
pr107.tsp,ok,0.17204810306429863,44303.0,1.0,timeout,0,,timeout,0,,,,,,,,,,,,,,,,,,,,,,,,,,,,,,,,,,,,,,,,,,,,,,,,,
pr136.tsp,ok,0.6123605966567993,96772.0,1.0,timeout,0,,timeout,0,,,,,,,,,,,,,,,,,,,,,,,,,,,,,,,,,,,,,,,,,,,,,,,,,
pr152.tsp,ok,0.8900012671947479,73682.0,1.0,timeout,0,,timeout,0,,,,,,,,,,,,,,,,,,,,,,,,,,,,,,,,,,,,,,,,,,,,,,,,,
qa194.tsp,ok,0.45648094080388546,9352.0,1.0,timeout,0,,timeout,0,,,,,,,,,,,,,,,,,,,,,,,,,,,,,,,,,,,,,,,,,,,,,,,,,
si175.tsp,ok,2.043676285073161,21407.0,3.0,timeout,0,,timeout,0,,,,,,,,,,,,,,,,,,,,,,,,,,,,,,,,,,,,,,,,,,,,,,,,,
xqf131.tsp,ok,0.3609807752072811,564.0,1.0,timeout,0,,timeout,0,,,,,,,,,,,,,,,,,,,,,,,,,,,,,,,,,,,,,,,,,,,,,,,,,
