rank,kind,function,file,calls,self_ir,self_pct_total,self_est_sec,inclusive_ir,inclusive_pct_total,inclusive_est_sec
1,solver,"tsp::BranchBoundSolver::buildBranchCandidates(tsp::BranchBoundSolver::PartialSol const&, std::vector<tsp::BranchBoundSolver::Edge, std::allocator<tsp::BranchBoundSolver::Edge> >&, std::vector<tsp::BranchBoundSolver::Edge, std::allocator<tsp::BranchBoundSolver::Edge> >&) const",solver/tsp_bb_26_07_02/tsp_bb,0,124753025,28.510000,0.022984745,148909327,34.030000,0.027434966
2,solver,"tsp::BranchBoundSolver::computeOneTree(tsp::BranchBoundSolver::PartialSol const&, std::vector<tsp::BranchBoundSolver::Edge, std::allocator<tsp::BranchBoundSolver::Edge> >&) const",solver/tsp_bb_26_07_02/tsp_bb,0,98442437,22.500000,0.018139487,135271860,30.920000,0.024927686
3,solver,"tsp::BranchBoundSolver::search(tsp::BranchBoundSolver::PartialSol&, std::vector<tsp::BranchBoundSolver::Edge, std::allocator<tsp::BranchBoundSolver::Edge> >&, int, tsp::BranchStrategy, tsp::BranchBoundSolver::OneTree const*)::{lambda(bool)#1}::operator()(bool) const",solver/tsp_bb_26_07_02/tsp_bb,0,83926654,19.180000,0.015462905,6220260640,1421.700000,1.146173695
4,runtime,./malloc/./malloc/malloc.c:_int_free,lib/x86_64-linux-gnu/libc.so.6,0,21821308,4.990000,0.004022935,26228152,5.990000,0.004829134
5,runtime,./malloc/./malloc/malloc.c:malloc,lib/x86_64-linux-gnu/libc.so.6,0,18232699,4.170000,0.003361852,32287385,7.380000,0.005949752
6,solver,"void std::vector<tsp::BranchBoundSolver::Edge, std::allocator<tsp::BranchBoundSolver::Edge> >::_M_realloc_insert<tsp::BranchBoundSolver::Edge const&>(__gnu_cxx::__normal_iterator<tsp::BranchBoundSolver::Edge*, std::vector<tsp::BranchBoundSolver::Edge, std::allocator<tsp::BranchBoundSolver::Edge> > >, tsp::BranchBoundSolver::Edge const&)",solver/tsp_bb_26_07_02/tsp_bb,0,11840138,2.710000,0.002184800,30190406,6.900000,0.005562776
7,runtime,./malloc/./malloc/malloc.c:_int_malloc,lib/x86_64-linux-gnu/libc.so.6,0,11775300,2.690000,0.002168676,13960216,3.190000,0.002571776
8,runtime,./malloc/./malloc/malloc.c:free,lib/x86_64-linux-gnu/libc.so.6,0,11414088,2.610000,0.002104180,38865178,8.880000,0.007159051
9,runtime,./string/../sysdeps/x86_64/multiarch/memmove-vec-unaligned-erms.S:__memcpy_avx_unaligned_erms,lib/x86_64-linux-gnu/libc.so.6,0,8807208,2.010000,0.001620461,8807208,2.010000,0.001620461
10,solver,"tsp::BranchBoundSolver::chooseBranchEdge(tsp::BranchBoundSolver::PartialSol const&, tsp::BranchBoundSolver::OneTree const&, std::vector<tsp::BranchBoundSolver::Edge, std::allocator<tsp::BranchBoundSolver::Edge> > const&, tsp::BranchBoundSolver::Edge&) const",solver/tsp_bb_26_07_02/tsp_bb,0,8625887,1.970000,0.001588213,8625887,1.970000,0.001588213
11,runtime,operator new(unsigned long),lib/x86_64-linux-gnu/libstdc++.so.6.0.33,0,6522320,1.490000,0.001201237,39622825,9.060000,0.007304167
12,solver,"tsp::BranchBoundSolver::search(tsp::BranchBoundSolver::PartialSol&, std::vector<tsp::BranchBoundSolver::Edge, std::allocator<tsp::BranchBoundSolver::Edge> >&, int, tsp::BranchStrategy, tsp::BranchBoundSolver::OneTree const*)",solver/tsp_bb_26_07_02/tsp_bb,0,4222566,0.970000,0.000782013,6375648152,1457.200000,1.174793773
13,solver,"std::_Function_handler<void (int, double, int), tsp::BranchBoundSolver::lkSearch(int, int, std::vector<int, std::allocator<int> >&, std::vector<int, std::allocator<int> >&, std::vector<bool, std::allocator<bool> >&) const::{lambda(int, double, int)#1}>::_M_invoke(std::_Any_data const&, int&&, double&&, int&&)",solver/tsp_bb_26_07_02/tsp_bb,0,4011104,0.920000,0.000741703,11122317,2.540000,0.002047746
14,runtime,./malloc/./malloc/malloc.c:_int_free_merge_chunk,lib/x86_64-linux-gnu/libc.so.6,0,2810712,0.640000,0.000515968,4406844,1.010000,0.000814261
15,runtime,"std::vector<int, std::allocator<int> >::_M_fill_assign(unsigned long, int const&)",solver/tsp_bb_26_07_02/tsp_bb,0,2463624,0.560000,0.000451472,4694460,1.070000,0.000862633
16,runtime,./malloc/./malloc/malloc.c:unlink_chunk.isra.0,lib/x86_64-linux-gnu/libc.so.6,0,1848667,0.420000,0.000338604,0,0.000000,0.000000000
17,runtime,./malloc/./malloc/arena.c:free,???,0,1222938,0.280000,0.000225736,0,0.000000,0.000000000
18,solver,"tsp::BranchBoundSolver::search(tsp::BranchBoundSolver::PartialSol&, std::vector<tsp::BranchBoundSolver::Edge, std::allocator<tsp::BranchBoundSolver::Edge> >&, int, tsp::BranchStrategy, tsp::BranchBoundSolver::OneTree const*)::{lambda(tsp::BranchBoundSolver::search(tsp::BranchBoundSolver::PartialSol&, std::vector<tsp::BranchBoundSolver::Edge, std::allocator<tsp::BranchBoundSolver::Edge> >&, int, tsp::BranchStrategy, tsp::BranchBoundSolver::OneTree const*)::LevelChanges const&)#1}::operator()(tsp::BranchBoundSolver::search(tsp::BranchBoundSolver::PartialSol&, std::vector<tsp::BranchBoundSolver::Edge, std::allocator<tsp::BranchBoundSolver::Edge> >&, int, tsp::BranchStrategy, tsp::BranchBoundSolver::OneTree const*)::LevelChanges const&) const",solver/tsp_bb_26_07_02/tsp_bb,0,1079700,0.250000,0.000201550,0,0.000000,0.000000000
19,runtime,./string/../sysdeps/x86_64/multiarch/memset-vec-unaligned-erms.S:__memset_avx2_unaligned_erms,lib/x86_64-linux-gnu/libc.so.6,0,1057413,0.240000,0.000193488,0,0.000000,0.000000000
20,runtime,./malloc/./malloc/malloc.c:_int_free_maybe_consolidate,lib/x86_64-linux-gnu/libc.so.6,0,969096,0.220000,0.000177364,0,0.000000,0.000000000
21,runtime,./malloc/./malloc/malloc.c:malloc_consolidate,lib/x86_64-linux-gnu/libc.so.6,0,916883,0.210000,0.000169302,0,0.000000,0.000000000
22,runtime,operator delete(void*),lib/x86_64-linux-gnu/libstdc++.so.6.0.33,0,815290,0.190000,0.000153178,40496420,9.260000,0.007465406
23,runtime,"operator delete(void*, unsigned long)",lib/x86_64-linux-gnu/libstdc++.so.6.0.33,0,815158,0.190000,0.000153178,42121307,9.630000,0.007763700
24,solver,"tsp::BranchBoundSolver::twoOpt(std::vector<int, std::allocator<int> >&, double&) const",solver/tsp_bb_26_07_02/tsp_bb,0,560737,0.130000,0.000104806,0,0.000000,0.000000000
25,solver,(below main),solver/tsp_bb_26_07_02/tsp_bb,0,0,0.000000,0.000000000,435550624,99.550000,0.080257151
26,solver,./csu/../csu/libc-start.c:__libc_start_main@@GLIBC_2.34,lib/x86_64-linux-gnu/libc.so.6,0,0,0.000000,0.000000000,435550612,99.550000,0.080257151
27,solver,./csu/../sysdeps/nptl/libc_start_call_main.h:(below main),lib/x86_64-linux-gnu/libc.so.6,0,0,0.000000,0.000000000,435550438,99.550000,0.080257151
28,solver,main,solver/tsp_bb_26_07_02/tsp_bb,0,0,0.000000,0.000000000,435540049,99.540000,0.080249089
29,solver,"(anonymous namespace)::solveInput(std::istream&, (anonymous namespace)::CliOptions const&)",solver/tsp_bb_26_07_02/tsp_bb,0,0,0.000000,0.000000000,435484835,99.530000,0.080241027
30,solver,tsp::BranchBoundSolver::solve(tsp::BranchStrategy),solver/tsp_bb_26_07_02/tsp_bb,0,0,0.000000,0.000000000,434879335,99.390000,0.080128159
31,solver,"tsp::BranchBoundSolver::findInitialTour(std::vector<int, std::allocator<int> >&, double&)",solver/tsp_bb_26_07_02/tsp_bb,0,0,0.000000,0.000000000,6470936,1.480000,0.001193175
32,solver,"tsp::BranchBoundSolver::linKernighan(std::vector<int, std::allocator<int> >&, double&) const",solver/tsp_bb_26_07_02/tsp_bb,0,0,0.000000,0.000000000,5793455,1.320000,0.001064183
33,solver,"tsp::BranchBoundSolver::linKernighanImprove(std::vector<int, std::allocator<int> >&, double&) const",solver/tsp_bb_26_07_02/tsp_bb,0,0,0.000000,0.000000000,5748561,1.310000,0.001056121
34,solver,"tsp::BranchBoundSolver::lkSearch(int, int, std::vector<int, std::allocator<int> >&, std::vector<int, std::allocator<int> >&, std::vector<bool, std::allocator<bool> >&) const",solver/tsp_bb_26_07_02/tsp_bb,0,0,0.000000,0.000000000,5702424,1.300000,0.001048059
