instance,Concorde:status,Concorde:wall_seconds,Concorde:result,Concorde:branches,P1:status,P1:successful_repeats,P1:result,T2:status,T2:successful_repeats,T2:result,result_match,P1:matches_reference,T2:matches_reference,P1:wall_vs_Concorde_symmetric_change,T2:wall_vs_Concorde_symmetric_change,P1:wall_seconds,T2:wall_seconds,symmetric_change:wall_seconds,P1:branches,T2:branches,symmetric_change:branches
att48.tsp,ok,0.09943951107561588,10628.0,1.0,ok,1,10628.0,ok,1,10628.0,True,True,True,-1.9676335262405322,-1.8382099295330354,0.03350801579654217,0.0350359957665205,0.045600431229831706,58.0,95.0,0.6379310344827587
bayg29.tsp,ok,0.04355635307729244,1610.0,1.0,ok,1,1610.0,ok,1,1610.0,True,True,True,-1.6287229669139678,-0.8007348285103666,0.01656939648091793,0.024188099429011345,0.45980570003665844,3.0,3.0,0.0
bays29.tsp,ok,0.04867664724588394,2020.0,1.0,ok,1,2020.0,ok,1,2020.0,True,True,True,-1.6204853714810237,-0.9611509678112671,0.018575431779026985,0.024820448830723763,0.3361976790627208,12.0,14.0,0.16666666666666674
berlin52.tsp,ok,0.06849459186196327,7542.0,1.0,ok,1,7542.0,ok,1,7542.0,True,True,True,-1.0794858280958946,-1.7592790034443757,0.03293823450803757,0.024823365733027458,-0.32690445213129515,1.0,1.0,0.0
brazil58.tsp,ok,0.10043958947062492,25395.0,1.0,ok,1,25395.0,ok,1,25395.0,True,True,True,-0.4092773688921283,0.45088468031897433,0.07127027772367,0.14572626166045666,1.0446989448458206,336.0,1590.0,3.7321428571428568
burma14.tsp,ok,0.029443856328725815,3323.0,1.0,ok,1,3323.0,ok,1,3323.0,True,True,True,-2.8005651482005347,-2.4860170525954124,0.007747231051325798,0.00844627432525158,0.09023137031728945,1.0,1.0,0.0
dantzig42.tsp,ok,0.0469488725066185,699.0,1.0,ok,1,699.0,ok,1,699.0,True,True,True,-0.9379804348081822,-0.6716486211004098,0.024225668981671333,0.02808537147939205,0.15932284473303482,7.0,7.0,0.0
dj38.tsp,ok,0.03780525363981724,6656.0,1.0,ok,1,6656.0,ok,1,6656.0,True,True,True,-1.9529113684639334,-1.3543006193329838,0.01280270516872406,0.016057955101132393,0.2542626647656181,1.0,1.0,0.0
eil101.tsp,ok,0.07399468496441841,629.0,1.0,ok,1,629.0,ok,1,629.0,True,True,True,5.375031220426811,27.187676337828957,0.4717184267938137,2.085738230496645,3.4215746344128144,1254.0,157200.0,124.35885167464114
eil51.tsp,ok,0.06197481229901314,426.0,1.0,ok,1,426.0,ok,1,426.0,True,True,True,0.19815346463265704,0.6345722292847835,0.0742553360760212,0.10130230709910393,0.364242793210074,615.0,1258.0,1.0455284552845527
eil76.tsp,ok,0.06010119989514351,538.0,1.0,ok,1,538.0,ok,1,538.0,True,True,True,2.071182739940321,12.23028376785818,0.18458176776766777,0.7951559294015169,3.3078790447081214,707.0,130337.0,183.35219236209335
fri26.tsp,ok,0.027558738365769386,937.0,1.0,ok,1,937.0,ok,1,937.0,True,True,True,-1.1030419835577217,-1.0647497987650145,0.013104226440191269,0.013347253203392029,0.018545677939094896,1.0,1.0,0.0
gr137.tsp,ok,0.3418461326509714,69853.0,1.0,ok,1,69853.0,ok,1,69853.0,True,True,True,933.8323070343043,916.3649651036826,319.56880883686244,313.59766555018723,-0.01904077722070796,24087201.0,23880666.0,-0.008648628141275427
gr17.tsp,ok,0.016620619222521782,2085.0,1.0,ok,1,2085.0,ok,1,2085.0,True,True,True,-0.36713932886564127,-0.4979013228951201,0.012157224118709564,0.011095937341451645,-0.09564642847190719,1.0,1.0,0.0
gr21.tsp,ok,0.012220339849591255,2707.0,1.0,ok,1,2707.0,ok,1,2707.0,True,True,True,-0.527184166574526,-0.5973855034735538,0.00800187699496746,0.007650213316082954,-0.04596782656311138,1.0,1.0,0.0
gr24.tsp,ok,0.02609829418361187,1272.0,1.0,ok,1,1272.0,ok,1,1272.0,True,True,True,-1.602315362455149,-0.36407574265985243,0.01002887450158596,0.0191325843334198,0.9077499005889629,1.0,1.0,0.0
gr48.tsp,ok,0.07980214431881905,5046.0,1.0,ok,1,5046.0,ok,1,5046.0,True,True,True,2.3854078978233546,2.596007371021708,0.27016280964016914,0.2869690991938114,0.062208005520917764,79114.0,95108.0,0.20216396592259267
gr96.tsp,ok,0.22688710503280163,55209.0,1.0,ok,1,55209.0,ok,1,55209.0,True,True,True,17.04201170147511,36.43757157460674,4.09349980391562,8.49410223402083,1.075022020495966,553254.0,2239661.0,3.0481605193997696
hk48.tsp,ok,0.04629971645772457,11461.0,1.0,ok,1,11461.0,ok,1,11461.0,True,True,True,-0.6007131962558323,-0.4312251934159994,0.028924429789185524,0.032349707558751106,0.11842161779957538,16.0,24.0,0.5
kroA100.tsp,ok,0.11194410920143127,21282.0,1.0,ok,1,21282.0,ok,1,21282.0,True,True,True,6534.116892815944,7011.709117554585,731.5678390935063,785.0314752534032,0.07308090009279833,172105550.0,189220938.0,0.09944704281761974
kroC100.tsp,ok,0.10108034498989582,20749.0,1.0,ok,1,20749.0,ok,1,20749.0,True,True,True,323.10987925151034,393.2542606434245,32.761138409376144,39.851356679573655,0.21642160848013492,8892308.0,11304135.0,0.2712262103381935
kroD100.tsp,ok,0.13640364445745945,21294.0,1.0,ok,1,21294.0,ok,1,21294.0,True,True,True,1616.2574882581728,3203.6688528128925,220.5998154245317,437.12851080298424,0.9815452246039076,63405303.0,126007866.0,0.9873395447696227
lin105.tsp,ok,0.09114335291087627,14379.0,1.0,ok,1,14379.0,ok,1,14379.0,True,True,True,1.0837437871962265,1.1634712428202976,0.18991939537227154,0.19718602299690247,0.038261640473250313,74.0,106.0,0.43243243243243246
pr124.tsp,ok,0.451222188770771,59030.0,1.0,ok,1,59030.0,ok,1,59030.0,True,True,True,11.255624668181047,10.549539862584167,5.530009787529707,5.211408656090498,-0.061135319155381174,395726.0,615062.0,0.5542622925963925
rat99.tsp,ok,1.1524219159036875,1211.0,1.0,ok,1,1211.0,ok,1,1211.0,True,True,True,-1.8871804693968701,-1.082000086274709,0.3991513270884752,0.5535167474299669,0.38673407769298307,1257.0,49599.0,38.4582338902148
rd100.tsp,ok,0.09190729446709156,7910.0,1.0,ok,1,7910.0,ok,1,7910.0,True,True,True,7.96936893139247,15.011321794888865,0.82435043156147,1.471557267010212,0.7851112957177862,59691.0,152860.0,1.5608550702786013
st70.tsp,ok,0.06602468341588974,675.0,1.0,ok,1,675.0,ok,1,675.0,True,True,True,16.70865421387788,147.47933397640153,1.169208288192749,9.803301019594073,7.384563399518049,140028.0,4094870.0,28.243222784014627
swiss42.tsp,ok,0.03279697895050049,1273.0,1.0,ok,1,1273.0,ok,1,1273.0,True,True,True,-0.5334595674793854,-0.3163090808630562,0.021387573331594467,0.024915864691138268,0.1649692232419695,5.0,6.0,0.19999999999999996
ulysses16.tsp,ok,0.04721811227500439,6859.0,1.0,ok,1,6859.0,ok,1,6859.0,True,True,True,-1.8327975422745628,-1.2240437522827126,0.016668368130922318,0.021230747923254967,0.27371484457850137,1.0,1.0,0.0
wi29.tsp,ok,0.045293282717466354,27603.0,1.0,ok,1,27603.0,ok,1,27603.0,True,True,True,-2.2345032357474675,-1.0330647678968239,0.014003165066242218,0.022278327494859695,0.5909494310373173,1.0,1.0,0.0
bier127.tsp,ok,0.20502866618335247,118282.0,1.0,timeout,0,,timeout,0,,,,,,,,,,,,
brg180.tsp,ok,0.20931491255760193,1950.0,1.0,timeout,0,,timeout,0,,,,,,,,,,,,
ch130.tsp,ok,0.21387781016528606,6110.0,1.0,timeout,0,,timeout,0,,,,,,,,,,,,
ch150.tsp,ok,0.3485230952501297,6528.0,1.0,timeout,0,,timeout,0,,,,,,,,,,,,
d198.tsp,ok,1.0058379471302032,15780.0,3.0,timeout,0,,timeout,0,,,,,,,,,,,,
gr120.tsp,ok,0.15817620046436787,6942.0,1.0,timeout,0,,timeout,0,,,,,,,,,,,,
kroA150.tsp,ok,0.4832456335425377,26524.0,1.0,timeout,0,,timeout,0,,,,,,,,,,,,
kroB100.tsp,ok,0.18441025167703629,22141.0,1.0,timeout,0,,timeout,0,,,,,,,,,,,,
kroB150.tsp,ok,0.4672635402530432,26130.0,1.0,timeout,0,,timeout,0,,,,,,,,,,,,
kroE100.tsp,ok,0.2567499540746212,22068.0,1.0,timeout,0,,timeout,0,,,,,,,,,,,,
pr107.tsp,ok,0.16206598654389381,44303.0,1.0,timeout,0,,timeout,0,,,,,,,,,,,,
pr136.tsp,ok,0.5381354987621307,96772.0,1.0,timeout,0,,timeout,0,,,,,,,,,,,,
pr144.tsp,ok,0.2744617722928524,58537.0,1.0,timeout,0,,timeout,0,,,,,,,,,,,,
pr152.tsp,ok,0.8584825918078423,73682.0,1.0,timeout,0,,timeout,0,,,,,,,,,,,,
pr76.tsp,ok,0.21573120914399624,108159.0,1.0,timeout,0,,timeout,0,,,,,,,,,,,,
qa194.tsp,ok,0.4701696112751961,9352.0,1.0,timeout,0,,timeout,0,,,,,,,,,,,,
rat195.tsp,ok,2.8730149008333683,2323.0,3.0,timeout,0,,timeout,0,,,,,,,,,,,,
si175.tsp,ok,1.8025635667145252,21407.0,3.0,timeout,0,,timeout,0,,,,,,,,,,,,
u159.tsp,ok,0.1227664165198803,42080.0,1.0,ok,1,42080.0,timeout,0,,,True,,3906.174233653981,,479.66977938450873,,,24067660.0,,
xqf131.tsp,ok,0.3606609869748354,564.0,1.0,timeout,0,,timeout,0,,,,,,,,,,,,
