instance,Concorde:status,Concorde:wall_seconds,Concorde:result,Concorde:branches,P1:status,P1:successful_repeats,P1:result,P2:status,P2:successful_repeats,P2:result,result_match,P1:matches_reference,P2:matches_reference,P1:wall_vs_Concorde_symmetric_change,P2:wall_vs_Concorde_symmetric_change,P1:wall_seconds,P2:wall_seconds,symmetric_change:wall_seconds,P1:branches,P2:branches,symmetric_change:branches
att48.tsp,ok,0.09943951107561588,10628.0,1.0,ok,1,10628.0,ok,1,10628.0,True,True,True,-1.9676335262405322,-2.074913334403496,0.03350801579654217,0.03233896382153034,-0.03614995154029965,58.0,87.0,0.5
bayg29.tsp,ok,0.04355635307729244,1610.0,1.0,ok,1,1610.0,ok,1,1610.0,True,True,True,-1.6287229669139678,-1.0833843247465813,0.01656939648091793,0.020906537771224976,0.26175614152886584,3.0,3.0,0.0
bays29.tsp,ok,0.04867664724588394,2020.0,1.0,ok,1,2020.0,ok,1,2020.0,True,True,True,-1.6204853714810237,-1.3416378065925518,0.018575431779026985,0.02078743651509285,0.1190822782684049,12.0,16.0,0.33333333333333326
berlin52.tsp,ok,0.06849459186196327,7542.0,1.0,ok,1,7542.0,ok,1,7542.0,True,True,True,-1.0794858280958946,-1.3517214757293274,0.03293823450803757,0.02912529930472374,-0.1309148848024171,1.0,1.0,0.0
brazil58.tsp,ok,0.10043958947062492,25395.0,1.0,ok,1,25395.0,ok,1,25395.0,True,True,True,-0.4092773688921283,0.7331526636806116,0.07127027772367,0.1740771420300007,1.4424928257601959,336.0,1157.0,2.443452380952381
burma14.tsp,ok,0.029443856328725815,3323.0,1.0,ok,1,3323.0,ok,1,3323.0,True,True,True,-2.8005651482005347,-2.9281740950318165,0.007747231051325798,0.007495557889342308,-0.03357630822134472,1.0,1.0,0.0
dantzig42.tsp,ok,0.0469488725066185,699.0,1.0,ok,1,699.0,ok,1,699.0,True,True,True,-0.9379804348081822,-1.6338035321652238,0.024225668981671333,0.017825502902269363,-0.35904547066591674,7.0,7.0,0.0
dj38.tsp,ok,0.03780525363981724,6656.0,1.0,ok,1,6656.0,ok,1,6656.0,True,True,True,-1.9529113684639334,-1.2470488895029654,0.01280270516872406,0.016824401915073395,0.31412866994500543,1.0,1.0,0.0
eil101.tsp,ok,0.07399468496441841,629.0,1.0,ok,1,629.0,ok,1,629.0,True,True,True,5.375031220426811,204.11338068349588,0.4717184267938137,15.177299985662103,31.17449038151745,1254.0,3618557.0,2884.6116427432216
eil51.tsp,ok,0.06197481229901314,426.0,1.0,ok,1,426.0,ok,1,426.0,True,True,True,0.19815346463265704,1.9224073929699368,0.0742553360760212,0.18111564964056015,1.4390927199512964,615.0,1433.0,1.3300813008130081
eil76.tsp,ok,0.06010119989514351,538.0,1.0,ok,1,538.0,ok,1,538.0,True,True,True,2.071182739940321,21.519665885941574,0.18458176776766777,1.3534589409828186,6.332571127427987,707.0,139255.0,195.96605374823196
fri26.tsp,ok,0.027558738365769386,937.0,1.0,ok,1,937.0,ok,1,937.0,True,True,True,-1.1030419835577217,-1.2444760317690275,0.013104226440191269,0.012278473004698753,-0.06725212778303247,1.0,1.0,0.0
gr137.tsp,ok,0.3418461326509714,69853.0,1.0,ok,1,69853.0,ok,1,69853.0,True,True,True,933.8323070343043,388.8822049282111,319.56880883686244,133.27972394414246,-1.3977301226313594,24087201.0,10343794.0,-1.3286620943920577
gr17.tsp,ok,0.016620619222521782,2085.0,1.0,ok,1,2085.0,ok,1,2085.0,True,True,True,-0.36713932886564127,-0.12973712430729734,0.012157224118709564,0.014711935073137283,0.21013933192990208,1.0,1.0,0.0
gr21.tsp,ok,0.012220339849591255,2707.0,1.0,ok,1,2707.0,ok,1,2707.0,True,True,True,-0.527184166574526,-0.17231649522889203,0.00800187699496746,0.010424096137285233,0.3027063704979662,1.0,1.0,0.0
gr24.tsp,ok,0.02609829418361187,1272.0,1.0,ok,1,1272.0,ok,1,1272.0,True,True,True,-1.602315362455149,-0.6670803210036975,0.01002887450158596,0.015655091032385826,0.5610017883771643,1.0,1.0,0.0
gr48.tsp,ok,0.07980214431881905,5046.0,1.0,ok,1,5046.0,ok,1,5046.0,True,True,True,2.3854078978233546,3.138160208853395,0.27016280964016914,0.330234058201313,0.22235202780557772,79114.0,101045.0,0.27720757388072914
gr96.tsp,ok,0.22688710503280163,55209.0,1.0,ok,1,55209.0,ok,1,55209.0,True,True,True,17.04201170147511,38.390016099537796,4.09349980391562,8.937086720019579,1.1832385851028615,553254.0,2089043.0,2.775920282546534
hk48.tsp,ok,0.04629971645772457,11461.0,1.0,ok,1,11461.0,ok,1,11461.0,True,True,True,-0.6007131962558323,-1.0187038731677176,0.028924429789185524,0.02293536812067032,-0.2611277759748538,16.0,26.0,0.625
kroA100.tsp,ok,0.11194410920143127,21282.0,1.0,ok,1,21282.0,ok,1,21282.0,True,True,True,6534.116892815944,7017.086154841528,731.5678390935063,785.633402902633,0.07390369138714448,172105550.0,188523346.0,0.09539376272293376
kroC100.tsp,ok,0.10108034498989582,20749.0,1.0,ok,1,20749.0,ok,1,20749.0,True,True,True,323.10987925151034,735.9553920306442,32.761138409376144,74.49170526862144,1.2737825632854727,8892308.0,20749226.0,1.333390386387876
kroD100.tsp,ok,0.13640364445745945,21294.0,1.0,ok,1,21294.0,ok,1,21294.0,True,True,True,1616.2574882581728,2168.4466955857815,220.5998154245317,295.9204357340932,0.3414355545339478,63405303.0,85408958.0,0.34703177745243163
lin105.tsp,ok,0.09114335291087627,14379.0,1.0,ok,1,14379.0,ok,1,14379.0,True,True,True,1.0837437871962265,1.0584361039041457,0.18991939537227154,0.18761276826262474,-0.012294616890988541,74.0,57.0,-0.29824561403508776
pr124.tsp,ok,0.451222188770771,59030.0,1.0,ok,1,59030.0,ok,1,59030.0,True,True,True,11.255624668181047,12.861043275688788,5.530009787529707,6.254410285502672,0.13099443324793092,395726.0,487582.0,0.2321202043838413
rat99.tsp,ok,1.1524219159036875,1211.0,1.0,ok,1,1211.0,ok,1,1211.0,True,True,True,-1.8871804693968701,-0.46371859114399805,0.3991513270884752,0.7873247787356377,0.9724969586813388,1257.0,63304.0,49.36117740652347
rd100.tsp,ok,0.09190729446709156,7910.0,1.0,ok,1,7910.0,ok,1,7910.0,True,True,True,7.96936893139247,10.146354856648202,0.82435043156147,1.0244313180446625,0.2427133884120165,59691.0,105911.0,0.7743210869310282
st70.tsp,ok,0.06602468341588974,675.0,1.0,ok,1,675.0,ok,1,675.0,True,True,True,16.70865421387788,172.06335709593765,1.169208288192749,11.426453363150358,8.772812490760122,140028.0,4444883.0,30.742815722569773
swiss42.tsp,ok,0.03279697895050049,1273.0,1.0,ok,1,1273.0,ok,1,1273.0,True,True,True,-0.5334595674793854,-0.2142091010460363,0.021387573331594467,0.027010980993509293,0.26292873785768545,5.0,5.0,0.0
ulysses16.tsp,ok,0.04721811227500439,6859.0,1.0,ok,1,6859.0,ok,1,6859.0,True,True,True,-1.8327975422745628,-1.654562192022731,0.016668368130922318,0.01778753288090229,0.0671430305108125,1.0,1.0,0.0
wi29.tsp,ok,0.045293282717466354,27603.0,1.0,ok,1,27603.0,ok,1,27603.0,True,True,True,-2.2345032357474675,-1.745966249317084,0.014003165066242218,0.016494479030370712,0.17791077605264882,1.0,1.0,0.0
bier127.tsp,ok,0.20502866618335247,118282.0,1.0,timeout,0,,timeout,0,,,,,,,,,,,,
brg180.tsp,ok,0.20931491255760193,1950.0,1.0,timeout,0,,timeout,0,,,,,,,,,,,,
ch130.tsp,ok,0.21387781016528606,6110.0,1.0,timeout,0,,timeout,0,,,,,,,,,,,,
ch150.tsp,ok,0.3485230952501297,6528.0,1.0,timeout,0,,timeout,0,,,,,,,,,,,,
d198.tsp,ok,1.0058379471302032,15780.0,3.0,timeout,0,,timeout,0,,,,,,,,,,,,
gr120.tsp,ok,0.15817620046436787,6942.0,1.0,timeout,0,,ok,1,6942.0,,,True,,997.1893639771296,,157.8898009378463,,,35531695.0,
kroA150.tsp,ok,0.4832456335425377,26524.0,1.0,timeout,0,,timeout,0,,,,,,,,,,,,
kroB100.tsp,ok,0.18441025167703629,22141.0,1.0,timeout,0,,timeout,0,,,,,,,,,,,,
kroB150.tsp,ok,0.4672635402530432,26130.0,1.0,timeout,0,,timeout,0,,,,,,,,,,,,
kroE100.tsp,ok,0.2567499540746212,22068.0,1.0,timeout,0,,timeout,0,,,,,,,,,,,,
pr107.tsp,ok,0.16206598654389381,44303.0,1.0,timeout,0,,timeout,0,,,,,,,,,,,,
pr136.tsp,ok,0.5381354987621307,96772.0,1.0,timeout,0,,timeout,0,,,,,,,,,,,,
pr144.tsp,ok,0.2744617722928524,58537.0,1.0,timeout,0,,timeout,0,,,,,,,,,,,,
pr152.tsp,ok,0.8584825918078423,73682.0,1.0,timeout,0,,timeout,0,,,,,,,,,,,,
pr76.tsp,ok,0.21573120914399624,108159.0,1.0,timeout,0,,timeout,0,,,,,,,,,,,,
qa194.tsp,ok,0.4701696112751961,9352.0,1.0,timeout,0,,timeout,0,,,,,,,,,,,,
rat195.tsp,ok,2.8730149008333683,2323.0,3.0,timeout,0,,timeout,0,,,,,,,,,,,,
si175.tsp,ok,1.8025635667145252,21407.0,3.0,timeout,0,,timeout,0,,,,,,,,,,,,
u159.tsp,ok,0.1227664165198803,42080.0,1.0,ok,1,42080.0,timeout,0,,,True,,3906.174233653981,,479.66977938450873,,,24067660.0,,
xqf131.tsp,ok,0.3606609869748354,564.0,1.0,timeout,0,,timeout,0,,,,,,,,,,,,
